"Name","Description","Fulladdress","Street","Municipality","Categories","About","Plus Code","Time Zone","Price","Note","Amenities","Hotel Class","Phone","Phones","Claimed","Owner","Owner Id","Owner Link","Email","Social Medias","Review Count","Average Rating","Review URL","Google Maps URL","Google Knowledge URL","Latitude","Longitude","Website","Domain","Opening Hours","Featured Image","Cid","Fid","Place Id","Kgmid"
"Melbourne Zoo","Modelled on London Zoo, this family-friendly establishment has animals from all around the world.","Elliott Ave, Parkville VIC 3052","Elliott Ave","Parkville VIC 3052","Zoo, Animal hospital, Learning center, Tourist attraction, Wildlife park, Wildlife rescue service","Service options: [On-site services], Accessibility: [Wheelchair-accessible car park, Wheelchair-accessible entrance], Planning: [Getting tickets in advance recommended], Children: [Good for kids, Good for kids birthday]","4RJ66X82+8J","Australia/Melbourne",,,,,"1300 966 784","1300 966 784, +61 1300 966 784","YES","Melbourne Zoo (owner)","105876162537862663224","https://www.google.com/maps/contrib/105876162537862663224","","",5614,4.4,"https://search.google.com/local/reviews?placeid=ChIJl4pG29Bc1moRisNvMITeH7Y&q=zoo&authuser=0&hl=en&gl=AU","https://www.google.com/maps?cid=13123452498510594954","https://www.google.com/search?kgmid=/m/03tprv",-37.7841346,144.9515473,"https://www.zoo.org.au/melbourne","zoo.org.au","Thursday: [9 am-5 pm], Friday: [9 am-5 pm], Saturday: [9 am-5 pm], Sunday: [9 am-5 pm], Monday: [9 am-5 pm], Tuesday: [9 am-5 pm], Wednesday: [9 am-5 pm]","https://lh5.googleusercontent.com/p/AF1QipPsUqX2l0hQ1vgBoSaacuAELgB3nNrFFQvrv10m=w163-h92-k-no","13123452498510594954","0x6ad65cd0db468a97:0xb61fde84306fc38a","ChIJl4pG29Bc1moRisNvMITeH7Y","/m/03tprv"
"Zoos Victoria Head Office",,"Elliott Ave, Parkville VIC 3052","Elliott Ave","Parkville VIC 3052","Zoo","Service options: [On-site services], Accessibility: [Wheelchair-accessible car park, Wheelchair-accessible entrance], Planning: [Getting tickets in advance recommended], Children: [Good for kids]","4RJ66X72+48","Australia/Melbourne",,,,,"1300 966 784","1300 966 784, +61 1300 966 784","YES","Zoos Victoria Head Office (owner)","108832623022840002847","https://www.google.com/maps/contrib/108832623022840002847","","",312,4.5,"https://search.google.com/local/reviews?placeid=ChIJLdD1eNdc1moRn5MisB7_Yt4&q=zoo&authuser=0&hl=en&gl=AU","https://www.google.com/maps?cid=16024650931406803871","https://www.google.com/search?kgmid=/g/11c5znq6gv",-37.787188199999996,144.9507564,"http://www.zoo.org.au/","zoo.org.au","Thursday: [9 am-5 pm], Friday: [9 am-5 pm], Saturday: [9 am-5 pm], Sunday: [9 am-5 pm], Monday: [9 am-5 pm], Tuesday: [9 am-5 pm], Wednesday: [9 am-5 pm]","https://lh5.googleusercontent.com/p/AF1QipMbkmcG8tBC93drwX3E6gpn0Ck7T5DGSrk1O9L8=w163-h92-k-no","16024650931406803871","0x6ad65cd778f5d02d:0xde62ff1eb022939f","ChIJLdD1eNdc1moRn5MisB7_Yt4","/g/11c5znq6gv"
"Melbourne Zoo",,"Melbourne VIC 3004","Melbourne VIC 3004","","Tourist attraction","","4RJ66X82+JH","Australia/Melbourne",,,,,,"","NO","Melbourne Zoo (owner)",,"",,"",3,5,"https://search.google.com/local/reviews?placeid=ChIJ3RoFbwBd1moR7u0AgyJVJq4&q=zoo&authuser=0&hl=en&gl=AU","https://www.google.com/maps?cid=12548811018429591022","https://www.google.com/search?kgmid=/g/11y5tl0r15",-37.7834735,144.9513944,,,"","https://lh5.googleusercontent.com/p/AF1QipPwzIBZltNKwyz4IJBd1OLtjE2KhIN-6PTTxWfK=w80-h106-k-no","12548811018429591022","0x6ad65d006f051add:0xae2655228300edee","ChIJ3RoFbwBd1moR7u0AgyJVJq4","/g/11y5tl0r15"
"Werribee Open Range Zoo","Family-friendly zoo for viewing African giraffes & zebras on safari tours, plus casual dining.","K Rd, Werribee South VIC 3030","K Rd","Werribee South VIC 3030","Zoo, Tourist attraction, Wildlife and safari park, Wildlife park, Wildlife Sanctuary","Service options: [On-site services], Accessibility: [Wheelchair-accessible car park, Wheelchair-accessible entrance], Planning: [Getting tickets in advance recommended], Children: [Good for kids, Good for kids birthday]","4RJ63MG8+WV","Australia/Melbourne",,,,,"1300 966 784","1300 966 784, +61 1300 966 784","YES","Werribee Open Range Zoo (owner)","107738946496876827647","https://www.google.com/maps/contrib/107738946496876827647","","",13593,4.5,"https://search.google.com/local/reviews?placeid=ChIJmYRv-k6E1moRpCXN24aB_gs&q=zoo&authuser=0&hl=en&gl=AU","https://www.google.com/maps?cid=864270594714969508","https://www.google.com/search?kgmid=/m/04vthk",-37.922686299999995,144.6672338,"http://www.zoo.org.au/werribee","zoo.org.au","Thursday: [9 am-5 pm], Friday: [9 am-5 pm], Saturday: [9 am-5 pm], Sunday: [9 am-5 pm], Monday: [9 am-5 pm], Tuesday: [9 am-5 pm], Wednesday: [9 am-5 pm]","https://lh5.googleusercontent.com/p/AF1QipPtb5HkC3Wp7jPq2o5hCvXGeJn7rixe8prAOOK-=w120-h92-k-no","864270594714969508","0x6ad6844efa6f8499:0xbfe8186dbcd25a4","ChIJmYRv-k6E1moRpCXN24aB_gs","/m/04vthk"
"Lemur Island",,"Lemur Island, Elliott Ave, Parkville VIC 3052","Elliott Ave","Parkville VIC 3052","Zoo","Service options: [On-site services], Accessibility: [Wheelchair-accessible car park, Wheelchair-accessible entrance], Children: [Good for kids]","4RJ66X73+W2","Australia/Melbourne",,,,,,"","NO","Lemur Island (owner)",,"","","",15,4.7,"https://search.google.com/local/reviews?placeid=ChIJZ4Yv0dBc1moRmnV6wBbU0bc&q=zoo&authuser=0&hl=en&gl=AU","https://www.google.com/maps?cid=13245601173256959386","https://www.google.com/search?kgmid=/g/11fy2zgn50",-37.785230399999996,144.9525378,"http://www.zoo.org.au/melbourne","zoo.org.au","Thursday: [9 am-5 pm], Friday: [9 am-5 pm], Saturday: [9 am-5 pm], Sunday: [9 am-5 pm], Monday: [9 am-5 pm], Tuesday: [9 am-5 pm], Wednesday: [9 am-5 pm]","https://lh5.googleusercontent.com/p/AF1QipOKZ4RKEVllwmh0Bi1UgzOCX9qaihcW1vPCF3xP=w80-h106-k-no","13245601173256959386","0x6ad65cd0d12f8667:0xb7d1d416c07a759a","ChIJZ4Yv0dBc1moRmnV6wBbU0bc","/g/11fy2zgn50"
"Melbourne Zoo/Poplar Rd",,"Parkville VIC 3052","Parkville VIC 3052","","Bus stop","Getting here: [24-hour public transport available]","4RJ66X83+MW","Australia/Melbourne",,,,,,"","YES","Melbourne Zoo/Poplar Rd (owner)",,"",,"",26,4.4,"https://search.google.com/local/reviews?placeid=ChIJVckEkdFc1moRkbXPn70ontY&q=zoo&authuser=0&hl=en&gl=AU","https://www.google.com/maps?cid=15464842965331981713","https://www.google.com/search?kgmid=/g/11cm6drp3k",-37.7833086,144.95477499999998,,,"","https://lh5.googleusercontent.com/p/AF1QipOV5XOBxf2ORow0ioIBgokUkG558EowXMBrB5eK=w189-h92-k-no","15464842965331981713","0x6ad65cd19104c955:0xd69e28bd9fcfb591","ChIJVckEkdFc1moRkbXPn70ontY","/g/11cm6drp3k"
"Reptiles House",,"Elliott Ave, Parkville VIC 3052","Elliott Ave","Parkville VIC 3052","Zoo","Accessibility: [Wheelchair-accessible car park, Wheelchair-accessible entrance], Children: [Good for kids]","4RJ66X82+P6","Australia/Melbourne",,,,,,"","NO","Reptiles House (owner)",,"",,"",5,4,"https://search.google.com/local/reviews?placeid=ChIJu0sJg6Nd1moRGi4xaksuldY&q=zoo&authuser=0&hl=en&gl=AU","https://www.google.com/maps?cid=15462315797085498906","https://www.google.com/search?kgmid=/g/11ngysx0ww",-37.7831581,144.9505271,,,"","https://lh5.googleusercontent.com/p/AF1QipPoQ1hovcf9c3SxLGQMWQjmUMmSwAaJz-E81ple=w80-h142-k-no","15462315797085498906","0x6ad65da383094bbb:0xd6952e4b6a312e1a","ChIJu0sJg6Nd1moRGi4xaksuldY","/g/11ngysx0ww"
"Orangutan Island",,"Orang-utan House, Elliott Ave, Parkville VIC 3052","Orang-utan House","Elliott Ave","Zoo","Accessibility: [Wheelchair-accessible car park, Wheelchair-accessible entrance], Children: [Good for kids]","4RJ66X82+4F","Australia/Melbourne",,,,,,"","NO","Orangutan Island (owner)",,"",,"",4,5,"https://search.google.com/local/reviews?placeid=ChIJh85oFLhd1moRZ_SJc7L9k7A&q=zoo&authuser=0&hl=en&gl=AU","https://www.google.com/maps?cid=12723792315136210023","https://www.google.com/search?kgmid=/g/11rbnw4m7h",-37.7847276,144.9511315,,,"","https://lh5.googleusercontent.com/p/AF1QipNCC3ROSwJfuJOEBrspkU0o8FBVQvobegIZkZki=w80-h106-k-no","12723792315136210023","0x6ad65db81468ce87:0xb093fdb27389f467","ChIJh85oFLhd1moRZ_SJc7L9k7A","/g/11rbnw4m7h"
"Butterfly House",,"Elliott Ave, Parkville VIC 3052","Elliott Ave","Parkville VIC 3052","Tourist attraction, Exhibit","Accessibility: [Wheelchair-accessible car park, Wheelchair-accessible entrance]","4RJ66X72+J6","Australia/Melbourne",,,,,"1300 966 784","1300 966 784, +61 1300 966 784","NO","Butterfly House (owner)",,"","","",573,4.8,"https://search.google.com/local/reviews?placeid=ChIJ-xSzYNdc1moRrK7AMH8vY8M&q=zoo&authuser=0&hl=en&gl=AU","https://www.google.com/maps?cid=14079149083415588524","https://www.google.com/search?kgmid=/g/11dybfxqx_",-37.7859227,144.950575,"https://www.zoo.org.au/melbourne/highlights/butterfly-house","zoo.org.au","Thursday: [9 am-4:30 pm], Friday: [9 am-4:30 pm], Saturday: [9 am-4:30 pm], Sunday: [9 am-4:30 pm], Monday: [9 am-4:30 pm], Tuesday: [9 am-4:30 pm], Wednesday: [9 am-4:30 pm]","https://lh5.googleusercontent.com/p/AF1QipM_yNzLbswfe9dbQ_auOrgcFp1cj10AY5F4SUv0=w122-h92-k-no","14079149083415588524","0x6ad65cd760b314fb:0xc3632f7f30c0aeac","ChIJ-xSzYNdc1moRrK7AMH8vY8M","/g/11dybfxqx_"
"Melbourne Zoo/Poplar Rd",,"Parkville VIC 3052","Parkville VIC 3052","","Bus stop","Getting here: [24-hour public transport available]","4RJ66X83+HX","Australia/Melbourne",,,,,,"","YES","Melbourne Zoo/Poplar Rd (owner)",,"",,"",18,4.4,"https://search.google.com/local/reviews?placeid=ChIJE-SvmtFc1moR0E2cVSeQwho&q=zoo&authuser=0&hl=en&gl=AU","https://www.google.com/maps?cid=1928262089082424784","https://www.google.com/search?kgmid=/g/11cm6drvjc",-37.783573,144.9549494,,,"","https://lh5.googleusercontent.com/p/AF1QipMMNUpqnC8bA3jmPsxzdjwis425_ye08U1WFXM0=w122-h92-k-no","1928262089082424784","0x6ad65cd19aafe413:0x1ac29027559c4dd0","ChIJE-SvmtFc1moR0E2cVSeQwho","/g/11cm6drvjc"
"Healesville Sanctuary (Zoos Victoria)","Zoo dedicated to Australian wildlife offering indoor & outdoor playgrounds, plus cafes & shops.","Glen Eadie Ave, Healesville VIC 3777","Glen Eadie Ave","Healesville VIC 3777","Zoo, Tourist attraction, Wildlife rescue service, Wildlife Sanctuary","Service options: [On-site services], Accessibility: [Wheelchair-accessible car park, Wheelchair-accessible entrance], Amenities: [Picnic tables, Public toilet, Slides], Children: [Good for kids, Good for kids birthday, Playground]","4RJ78G9J+5H","Australia/Melbourne",,,,,"1300 966 784","1300 966 784, +61 1300 966 784","YES","Healesville Sanctuary (Zoos Victoria) (owner)","101870649192033186056","https://www.google.com/maps/contrib/101870649192033186056","","",9936,4.6,"https://search.google.com/local/reviews?placeid=ChIJs4tV8FUqKGsRAEIxBXZWBA8&q=zoo&authuser=0&hl=en&gl=AU","https://www.google.com/maps?cid=1082084875369005568","https://www.google.com/search?kgmid=/m/01km0v",-37.6820905,145.53144749999998,"http://www.zoo.org.au/healesville","zoo.org.au","Thursday: [9 am-5 pm], Friday: [9 am-5 pm], Saturday: [9 am-5 pm], Sunday: [9 am-5 pm], Monday: [9 am-5 pm], Tuesday: [9 am-5 pm], Wednesday: [9 am-5 pm]","https://lh5.googleusercontent.com/p/AF1QipMclSyVR77RgqzvMreYWkx_AIaJleR5hS9fcl70=w138-h92-k-no","1082084875369005568","0x6b282a55f0558bb3:0xf04567605314200","ChIJs4tV8FUqKGsRAEIxBXZWBA8","/m/01km0v"
"Greswell Wildlife Reserve",,"LOT RES38 Forestwood Dr, Macleod VIC 3085","LOT RES38 Forestwood Dr","Macleod VIC 3085","Wildlife park","Accessibility: [No wheelchair-accessible entrance], Children: [Good for kids]","4RJ773QC+82","Australia/Melbourne",,,,,"13 19 63","13 19 63, +61 131963","NO","Greswell Wildlife Reserve (owner)",,"",,"",128,4.6,"https://search.google.com/local/reviews?placeid=ChIJPzIdaqJI1moRHScQxIK10ac&q=zoo&authuser=0&hl=en&gl=AU","https://www.google.com/maps?cid=12092646047706261277","https://www.google.com/search?kgmid=/g/11bw65w4sp",-37.7117477,145.070056,,,"Thursday: [Open 24 hours], Friday: [Open 24 hours], Saturday: [Open 24 hours], Sunday: [Open 24 hours], Monday: [Open 24 hours], Tuesday: [Open 24 hours], Wednesday: [Open 24 hours]","https://lh5.googleusercontent.com/p/AF1QipObMTVofh_zfzoFu9nGCiJSljDyUrL1OwnGHCaY=w122-h92-k-no","12092646047706261277","0x6ad648a26a1d323f:0xa7d1b582c410271d","ChIJPzIdaqJI1moRHScQxIK10ac","/g/11bw65w4sp"
"Safari Station",,"Unnamed Road, Werribee South VIC 3030","Unnamed Road","Werribee South VIC 3030","Tourist attraction","Service options: [On-site services], Accessibility: [Wheelchair-accessible car park, Wheelchair-accessible entrance], Planning: [Getting tickets in advance recommended], Children: [Good for kids]","4RJ63MH8+HH","Australia/Melbourne",,,,,,"","NO","Safari Station (owner)",,"","","",312,4.7,"https://search.google.com/local/reviews?placeid=ChIJddqcKdGF1moRULregTJFVfA&q=zoo&authuser=0&hl=en&gl=AU","https://www.google.com/maps?cid=17317824025352649296","https://www.google.com/search?kgmid=/g/11qpgmjcp_",-37.9210862,144.6664744,"https://www.zoo.org.au/werribee/free-safari-bus/","zoo.org.au","Thursday: [9 am-5 pm], Friday: [9 am-5 pm], Saturday: [9 am-5 pm], Sunday: [9 am-5 pm], Monday: [9 am-5 pm], Tuesday: [9 am-5 pm], Wednesday: [9 am-5 pm]","https://lh5.googleusercontent.com/p/AF1QipP6sBVUy0ZjW2V_rUqiLj0WQdbCBny4AqTRwG5P=w80-h99-k-no","17317824025352649296","0x6ad685d1299cda75:0xf055453281deba50","ChIJddqcKdGF1moRULregTJFVfA","/g/11qpgmjcp_"
"Nesting Island",,"Ruffey Lake","Ruffey Lake","","Wildlife park","Children: [Good for kids]","4RJ764GP+MG","Australia/Melbourne",,,,,,"","NO","Nesting Island (owner)",,"",,"",17,4.5,"https://search.google.com/local/reviews?placeid=ChIJ6YrdtYBH1moRTRmprjadCWc&q=zoo&authuser=0&hl=en&gl=AU","https://www.google.com/maps?cid=7424638318881085773","https://www.google.com/search?kgmid=/g/11bwn6pjzv",-37.773283299999996,145.1362906,,,"","https://lh5.googleusercontent.com/p/AF1QipNefoj0N9AcVTaX2l4PAIqWEV15PEbtcg2THAA=w122-h92-k-no","7424638318881085773","0x6ad64780b5dd8ae9:0x67099d36aea9194d","ChIJ6YrdtYBH1moRTRmprjadCWc","/g/11bwn6pjzv"
"Trin Warren Tam-Boore Bellbird Waterhole",,"Parkville VIC 3052","Parkville VIC 3052","","Wildlife park","Amenities: [Picnic tables, Public toilet], Children: [Good for kids]","4RJ66W9V+28","Australia/Melbourne",,,,,"(03) 9658 9658","(03) 9658 9658, +61 3 9658 9658","NO","Trin Warren Tam-Boore Bellbird Waterhole (owner)",,"","","",147,4.6,"https://search.google.com/local/reviews?placeid=ChIJwWkhINxc1moRGCMNE4DyXd4&q=zoo&authuser=0&hl=en&gl=AU","https://www.google.com/maps?cid=16023229681143456536","https://www.google.com/search?kgmid=/g/12m947v1k",-37.7824046,144.9432707,"http://www.melbourne.vic.gov.au/ParksandActivities/Parks/ReturnToRoyalPark/Pages/ReturntoRoyalPark.aspx","melbourne.vic.gov.au","Thursday: [Open 24 hours], Friday: [Open 24 hours], Saturday: [Open 24 hours], Sunday: [Open 24 hours], Monday: [Open 24 hours], Tuesday: [Open 24 hours], Wednesday: [Open 24 hours]","https://lh5.googleusercontent.com/p/AF1QipM_VaLKjEHv-MYLG42N27r-JPuNmX51u9oq1fsK=w80-h106-k-no","16023229681143456536","0x6ad65cdc202169c1:0xde5df280130d2318","ChIJwWkhINxc1moRGCMNE4DyXd4","/g/12m947v1k"
"Maru Koala and Animal Park","Visitor attraction offering a range of animal experiences & other child-friendly entertainment.","1650 Bass Hwy, Grantville VIC 3984","1650 Bass Hwy","Grantville VIC 3984","Wildlife park, Bistro, Miniature golf course, Tourist attraction","Service options: [On-site services], Accessibility: [Wheelchair-accessible car park, Wheelchair-accessible entrance], Amenities: [Picnic tables, Public toilet], Children: [Good for kids]","4RH7HGJC+V6","Australia/Melbourne",,,,,"(03) 5678 8548","(03) 5678 8548, +61 3 5678 8548","YES","Maru Koala and Animal Park (owner)","117429263376358844958","https://www.google.com/maps/contrib/117429263376358844958","","",3221,4.3,"https://search.google.com/local/reviews?placeid=ChIJwTTInxEHKmsRD5Mn5TaQpIo&q=zoo&authuser=0&hl=en&gl=AU","https://www.google.com/maps?cid=9990268438861812495","https://www.google.com/search?kgmid=/g/1tdgvkdt",-38.4178133,145.52058599999998,"http://www.marukoalapark.com.au/","marukoalapark.com.au","Thursday: [9:30 am-5 pm], Friday: [9:30 am-5 pm], Saturday: [9:30 am-5 pm], Sunday: [9:30 am-5 pm], Monday: [9:30 am-5 pm], Tuesday: [9:30 am-5 pm], Wednesday: [9:30 am-5 pm]","https://lh5.googleusercontent.com/p/AF1QipMtjswfePTwP_9E2Ty9FI1moe1FmjtRVkemyujy=w138-h92-k-no","9990268438861812495","0x6b2a07119fc834c1:0x8aa49036e527930f","ChIJwTTInxEHKmsRD5Mn5TaQpIo","/g/1tdgvkdt"
"Chocolate Lilly Street Lake",,"Epping VIC 3076","Epping VIC 3076","","Wildlife park","Children: [Good for kids]","4RJ7928C+RG","Australia/Melbourne",,,,,,"","NO","Chocolate Lilly Street Lake (owner)",,"","support@fb.com","",11,4.1,"https://search.google.com/local/reviews?placeid=ChIJJVFgQNBP1moRbBjsniRVpcg&q=zoo&authuser=0&hl=en&gl=AU","https://www.google.com/maps?cid=14458055794516301932","https://www.google.com/search?kgmid=/g/11h1z8cb1h",-37.6329937,145.0213059,"https://www.facebook.com/Chocolate-Lilly-Street-Lake-506981039473520/","facebook.com","Thursday: [Open 24 hours], Friday: [Open 24 hours], Saturday: [Open 24 hours], Sunday: [Open 24 hours], Monday: [Open 24 hours], Tuesday: [Open 24 hours], Wednesday: [Open 24 hours]","https://lh5.googleusercontent.com/p/AF1QipPaGTiPjCIVhuspoZz3uCNreqs08Xvqg9QFVJ_K=w122-h92-k-no","14458055794516301932","0x6ad64fd040605125:0xc8a555249eec186c","ChIJJVFgQNBP1moRbBjsniRVpcg","/g/11h1z8cb1h"
"Moonlit Sanctuary Wildlife Conservation Park","At this 25-acre zoo, visitors can view rare & endangered Australian animals by day & night.","550 Tyabb-Tooradin Rd, Pearcedale VIC 3912","550 Tyabb-Tooradin Rd","Pearcedale VIC 3912","Wildlife park, Nature preserve, Tourist attraction, Wildlife Sanctuary, Zoo","Service options: [On-site services], Accessibility: [Wheelchair-accessible entrance, Wheelchair-accessible seating, Wheelchair-accessible toilet], Amenities: [Picnic tables, Public toilet], Planning: [Getting tickets in advance recommended], Children: [Good for kids], Parking: [Free parking lot]","4RH7Q7Q2+H8","Australia/Melbourne",,,,,"(03) 5978 7935","(03) 5978 7935, +61 3 5978 7935","YES","Moonlit Sanctuary Wildlife Conservation Park (owner)","102361351262517679100","https://www.google.com/maps/contrib/102361351262517679100","bookings@moonlit-sanctuary.com, education@moonlitsanctuary.com.au, info@gowest.com.au","",5003,4.6,"https://search.google.com/local/reviews?placeid=ChIJY4zZCcEJ1moRkjyPdQ8d4yI&q=zoo&authuser=0&hl=en&gl=AU","https://www.google.com/maps?cid=2513884969236905106","https://www.google.com/search?kgmid=/m/03chtxk",-38.2110707,145.2508389,"https://moonlitsanctuary.com.au/","moonlitsanctuary.com.au","Thursday: [9:30 am-4 pm], Friday: [9:30 am-4 pm], Saturday: [9:30 am-4 pm], Sunday: [9:30 am-4 pm], Monday: [9:30 am-4 pm], Tuesday: [9:30 am-4 pm], Wednesday: [9:30 am-4 pm]","https://lh5.googleusercontent.com/p/AF1QipOYsGf__lY2KaCIwJUemBsQsF9FFiueLKgmuRc7=w122-h92-k-no","2513884969236905106","0x6ad609c109d98c63:0x22e31d0f758f3c92","ChIJY4zZCcEJ1moRkjyPdQ8d4yI","/m/03chtxk"
"26-Melbourne Zoo/Royal Park",,"Parkville VIC 3052","Parkville VIC 3052","","Tram stop","Accessibility: [Wheelchair-accessible car park, Wheelchair-accessible entrance, Wheelchair-accessible toilet], Amenities: [Toilets], Getting here: [24-hour public transport available]","4RJ66W9X+2M","Australia/Melbourne",,,,,,"","YES","26-Melbourne Zoo/Royal Park (owner)",,"",,"",26,4.6,"https://search.google.com/local/reviews?placeid=ChIJfc78Ytpc1moR7W42KsJT3gw&q=zoo&authuser=0&hl=en&gl=AU","https://www.google.com/maps?cid=927270666681872109","https://www.google.com/search?kgmid=/g/1tdcrp5r",-37.7824269,144.9492436,,,"","https://lh5.googleusercontent.com/p/AF1QipMhWbdkN-5yAmOFiZ6SwVxzetMWA95cyH3OO7J1=w122-h92-k-no","927270666681872109","0x6ad65cda62fcce7d:0xcde53c22a366eed","ChIJfc78Ytpc1moR7W42KsJT3gw","/g/1tdcrp5r"
"Zoo Events",,"Zoo Events, Elliott Ave, Parkville VIC 3052","Elliott Ave","Parkville VIC 3052","Event venue, Function room facility","Accessibility: [Wheelchair-accessible car park, Wheelchair-accessible entrance]","4RJ66W6X+JP","Australia/Melbourne",,,,,"(03) 9285 9440","(03) 9285 9440, +61 3 9285 9440","YES","Zoo Events (owner)","102471474219787652665","https://www.google.com/maps/contrib/102471474219787652665","","",20,4.7,"https://search.google.com/local/reviews?placeid=ChIJJ5AFqdFc1moRBsqyzzV_4Sg&q=zoo&authuser=0&hl=en&gl=AU","https://www.google.com/maps?cid=2945775500371610118","https://www.google.com/search?kgmid=/g/11g7nt4sdk",-37.7884387,144.9493645,"http://zooevents.com.au/","zooevents.com.au","Thursday: [7 am-11:30 pm], Friday: [7 am-11:30 pm], Saturday: [7 am-11:30 pm], Sunday: [7 am-11:30 pm], Monday: [7 am-11:30 pm], Tuesday: [7 am-11:30 pm], Wednesday: [7 am-11:30 pm]","https://lh5.googleusercontent.com/p/AF1QipOQja-biTCNV_Ljury4KrziM1zP1Y2YmcUqNFoK=w137-h92-k-no","2945775500371610118","0x6ad65cd1a9059027:0x28e17f35cfb2ca06","ChIJJ5AFqdFc1moRBsqyzzV_4Sg","/g/11g7nt4sdk"
"Reptile Encounters",,"2 Leslie Ct, Burwood VIC 3125","2 Leslie Ct","Burwood VIC 3125","Zoo, Children's party service, Educational consultant, Event planner","Service options: [On-site services], Accessibility: [Wheelchair-accessible car park, Wheelchair-accessible entrance], Crowd: [LGBTQ+ friendly, Transgender safe space], Planning: [Getting tickets in advance recommended], Children: [Good for kids]","4RJ744R6+CV","Australia/Melbourne",,,,,"1300 427 627","1300 427 627, +61 1300 427 627","YES","Reptile Encounters (owner)","101667444848175543875","https://www.google.com/maps/contrib/101667444848175543875","","",218,4.8,"https://search.google.com/local/reviews?placeid=ChIJVVVVVXBC1moRdta5FueVwzk&q=zoo&authuser=0&hl=en&gl=AU","https://www.google.com/maps?cid=4162335300371732086","https://www.google.com/search?kgmid=/g/1td_btr8",-37.858976,145.112143,"http://www.reptileencounters.com.au/","reptileencounters.com.au","Thursday: [9 am-5 pm], Friday: [9 am-5 pm], Saturday: [9 am-5 pm], Sunday: [9 am-5 pm], Monday: [9 am-5 pm], Tuesday: [9 am-5 pm], Wednesday: [9 am-5 pm]","https://lh5.googleusercontent.com/p/AF1QipNN89LkrZPRDEW1WprPlqStySMH2LDaT9stul-y=w115-h92-k-no","4162335300371732086","0x6ad6427055555555:0x39c395e716b9d676","ChIJVVVVVXBC1moRdta5FueVwzk","/g/1td_btr8"
"Ballarat Wildlife Park","Park with many native mammals, exotic reptiles & hands-on encounters (fee) with photo souvenirs.","250 Fussell St, Ballarat East VIC 3350 (No entry on, Richards St), Ballarat East VIC 3350","250 Fussell St, Ballarat East VIC 3350 (No entry on, Richards St)","Ballarat East VIC 3350","Wildlife park, Tourist attraction, Wildlife Sanctuary, Zoo","Service options: [On-site services], Accessibility: [Wheelchair-accessible entrance], Amenities: [Picnic tables, Public toilet], Planning: [Getting tickets in advance recommended], Children: [Good for kids]","4RJ5CVJV+33","Australia/Melbourne",,,,,"(03) 5333 5933","(03) 5333 5933, +61 3 5333 5933","YES","Ballarat Wildlife Park (owner)","103707706774609642446","https://www.google.com/maps/contrib/103707706774609642446","","",4055,4.6,"https://search.google.com/local/reviews?placeid=ChIJc1lpBJ9F0WoRMOFCFKV5BQ8&q=zoo&authuser=0&hl=en&gl=AU","https://www.google.com/maps?cid=1082405035368964400","https://www.google.com/search?kgmid=/m/0cc7z44",-37.5698571,143.8927498,"http://www.wildlifepark.com.au/","wildlifepark.com.au","Thursday: [9 am-5 pm], Friday: [9 am-5 pm], Saturday: [9 am-5 pm], Sunday: [9 am-5 pm], Monday: [9 am-5 pm], Tuesday: [9 am-5 pm], Wednesday: [9 am-5 pm]","https://lh5.googleusercontent.com/p/AF1QipOlc8KqGJ0pncIqLwsBndQeK0YYV06_ygPhoMXa=w127-h92-k-no","1082405035368964400","0x6ad1459f04695973:0xf0579a51442e130","ChIJc1lpBJ9F0WoRMOFCFKV5BQ8","/m/0cc7z44"
"Animals of Oz",,"Officer VIC 3809","Officer VIC 3809","","Zoo","Accessibility: [Wheelchair-accessible car park, Wheelchair-accessible entrance], Planning: [Getting tickets in advance recommended], Children: [Good for kids]","4RH7WCQ5+F7","Australia/Melbourne",,,,,,"","YES","Animals of Oz (owner)","112721049578125549497","https://www.google.com/maps/contrib/112721049578125549497","","",10,5,"https://search.google.com/local/reviews?placeid=ChIJy4pwQdEd1moRb7GVvLndG-Q&q=zoo&authuser=0&hl=en&gl=AU","https://www.google.com/maps?cid=16436975054821372271","https://www.google.com/search?kgmid=/g/11rtsr74t4",-38.0613284,145.4081577,"https://www.animalsofoz.com.au/","animalsofoz.com.au","Thursday: [8 am-6 pm], Friday: [8 am-6 pm], Saturday: [8 am-6 pm], Sunday: [8 am-6 pm], Monday: [8 am-6 pm], Tuesday: [8 am-6 pm], Wednesday: [8 am-6 pm]","https://lh5.googleusercontent.com/p/AF1QipOowIPn38FoQevW7rTfnHPPqy-KSTmMokN5CNNd=w92-h92-k-no","16436975054821372271","0x6ad61dd141708acb:0xe41bddb9bc95b16f","ChIJy4pwQdEd1moRb7GVvLndG-Q","/g/11rtsr74t4"
"The Funky Farm (Bookings Only)",,"209 Coolart Rd, Hastings VIC 3915","209 Coolart Rd","Hastings VIC 3915","Zoo, Wildlife Sanctuary","Service options: [On-site services], Accessibility: [Wheelchair-accessible car park, Wheelchair-accessible entrance, Wheelchair-accessible seating, Wheelchair-accessible toilet], Planning: [Getting tickets in advance recommended], Children: [Good for kids, Good for kids birthday]","4RH7P45W+7W","Australia/Melbourne",,,,,"1300 386 593","1300 386 593, +61 1300 386 593","YES","The Funky Farm (Bookings Only) (owner)","103091750745655652111","https://www.google.com/maps/contrib/103091750745655652111","","",746,5,"https://search.google.com/local/reviews?placeid=ChIJ6Q6gBdjn1WoRx3dwaxxX0YU&q=zoo&authuser=0&hl=en&gl=AU","https://www.google.com/maps?cid=9642584056750176199","https://www.google.com/search?kgmid=/g/11fszv8vzn",-38.291786099999996,145.1473388,"http://thefunkyfarm.com.au/","thefunkyfarm.com.au","","https://lh5.googleusercontent.com/p/AF1QipMCP62oo2bgRC7zqS5N2KOdeSBAUT4nNGSozFgz=w122-h92-k-no","9642584056750176199","0x6ad5e7d805a00ee9:0x85d1571c6b7077c7","ChIJ6Q6gBdjn1WoRx3dwaxxX0YU","/g/11fszv8vzn"
"Zoo parking",,"Werribee VIC 3030","Werribee VIC 3030","","Tourist attraction","Children: [Good for kids]","4RJ63MG9+R7","Australia/Melbourne",,,,,,"","NO","Zoo parking (owner)",,"",,"",4,4.8,"https://search.google.com/local/reviews?placeid=ChIJwUcjLwCF1moRPVRP9gdg07U&q=zoo&authuser=0&hl=en&gl=AU","https://www.google.com/maps?cid=13101921328264336445","https://www.google.com/search?kgmid=/g/11vsrsphxk",-37.922986699999996,144.6681907,,,"","https://lh5.googleusercontent.com/p/AF1QipPE6eLE5LVm_kKN-E-1OzaoYahLtXWTxEbTrhlb=w122-h92-k-no","13101921328264336445","0x6ad685002f2347c1:0xb5d36007f64f543d","ChIJwUcjLwCF1moRPVRP9gdg07U","/g/11vsrsphxk"
"Bundoora Park Farm",,"1069 Plenty Rd, Bundoora VIC 3083","1069 Plenty Rd","Bundoora VIC 3083","Farm, Cafe, Coffee store, Park, Tourist attraction","Service options: [On-site services], Accessibility: [Wheelchair-accessible car park, Wheelchair-accessible entrance]","4RJ772VV+4H","Australia/Melbourne",,,,,"(03) 8470 8170","(03) 8470 8170, +61 3 8470 8170","YES","Bundoora Park Farm (owner)","112221263960636720283","https://www.google.com/maps/contrib/112221263960636720283","","",2099,4.3,"https://search.google.com/local/reviews?placeid=ChIJ4-BK1lVP1moRi98G2RtqItk&q=zoo&authuser=0&hl=en&gl=AU","https://www.google.com/maps?cid=15646184723276291979","https://www.google.com/search?kgmid=/g/1tgnrt6l",-37.7071421,145.0439212,"http://www.darebin.vic.gov.au/bundooraparkfarm","darebin.vic.gov.au","Thursday: [10 am-4 pm], Friday: [10 am-4 pm], Saturday: [10 am-4 pm], Sunday: [10 am-4 pm], Monday: [10 am-4 pm], Tuesday: [10 am-4 pm], Wednesday: [10 am-4 pm]","https://lh5.googleusercontent.com/p/AF1QipNtHQCG5I_TkjGI2ZD0Cb_K73v_I7cEK6rwGDt5=w163-h92-k-no","15646184723276291979","0x6ad64f55d64ae0e3:0xd9226a1bd906df8b","ChIJ4-BK1lVP1moRi98G2RtqItk","/g/1tgnrt6l"
"Phillip Island Wildlife Park","This 60-acre wildlife park features free-range kangaroos & wallabies, plus koalas, wombats & birds.","2115 Phillip Island Rd, Cowes VIC 3922","2115 Phillip Island Rd","Cowes VIC 3922","Wildlife park, Tourist attraction","Service options: [On-site services], Accessibility: [Wheelchair-accessible car park, Wheelchair-accessible entrance], Children: [Good for kids]","4RH7G6GQ+J6","Australia/Melbourne",,,,,"(03) 5952 2038","(03) 5952 2038, +61 3 5952 2038","YES","Phillip Island Wildlife Park (owner)","110179982516245556191","https://www.google.com/maps/contrib/110179982516245556191","","",2478,4.5,"https://search.google.com/local/reviews?placeid=ChIJe9c8Ynrs1WoRcOdCFKV5BQ8&q=zoo&authuser=0&hl=en&gl=AU","https://www.google.com/maps?cid=1082405035368966000","https://www.google.com/search?kgmid=/m/02x33sh",-38.4734094,145.23810849999998,"http://www.piwildlifepark.com.au/","piwildlifepark.com.au","Thursday: [Closed], Friday: [11 am-5 pm], Saturday: [11 am-5 pm], Sunday: [11 am-5 pm], Monday: [11 am-5 pm], Tuesday: [11 am-5 pm], Wednesday: [Closed]","https://lh5.googleusercontent.com/p/AF1QipMgtiqL5aopwDfxQ7c9rLE5Jqg7vxWuFw6m6jnq=w137-h92-k-no","1082405035368966000","0x6ad5ec7a623cd77b:0xf0579a51442e770","ChIJe9c8Ynrs1WoRcOdCFKV5BQ8","/m/02x33sh"
"Serendip Sanctuary","Bird & wildlife sanctuary with walking tracks amid wetlands & open grassy woodlands.","100 Windermere Rd, Lara VIC 3212","100 Windermere Rd","Lara VIC 3212","Wildlife park, Bird watching area, Tourist attraction","Activities: [Hiking], Amenities: [Barbecue grill, Picnic tables, Public toilet], Children: [Good for kids, Kid-friendly hikes]","4RH6XCV7+P2","Australia/Melbourne",,,,,"(03) 5283 8000","(03) 5283 8000, +61 3 5283 8000","YES","Serendip Sanctuary (owner)","102990165325876558446","https://www.google.com/maps/contrib/102990165325876558446","","",955,4.4,"https://search.google.com/local/reviews?placeid=ChIJixDqszkf1GoRoOExBXZWBA8&q=zoo&authuser=0&hl=en&gl=AU","https://www.google.com/maps?cid=1082084875369046432","https://www.google.com/search?kgmid=/m/02vwxdy",-38.005716899999996,144.4125501,"https://www.parks.vic.gov.au/places-to-see/parks/serendip-wetlands-education-facility?utm_source=google&utm_medium=maps&utm_campaign=GMB-2020","parks.vic.gov.au","Thursday: [8 am-4 pm], Friday: [8 am-4 pm], Saturday: [8 am-4 pm], Sunday: [8 am-4 pm], Monday: [8 am-4 pm], Tuesday: [8 am-4 pm], Wednesday: [8 am-4 pm]","https://lh5.googleusercontent.com/p/AF1QipP1jU5PRghuJMYap9v0ElHbmKZW2SChO_W4fZ4U=w141-h92-k-no","1082084875369046432","0x6ad41f39b3ea108b:0xf0456760531e1a0","ChIJixDqszkf1GoRoOExBXZWBA8","/m/02vwxdy"
"SEA LIFE Melbourne Aquarium","Interactive multilevel aquarium housing 10,000+ animals, including sharks & saltwater crocodiles.","King St, Melbourne VIC 3000","King St","Melbourne VIC 3000","Tourist attraction, Event venue, Aquarium","Service options: [On-site services], Accessibility: [Wheelchair-accessible car park, Wheelchair-accessible entrance], Planning: [Getting tickets in advance recommended], Children: [Good for kids]","4RJ65XH5+P7","Australia/Melbourne",,,,,,"","YES","SEA LIFE Melbourne Aquarium (owner)","100010667614614639646","https://www.google.com/maps/contrib/100010667614614639646","paris@merlinentertainments.biz, events@seg.melbourne, info@istanbulsealife.com","facebook: https://www.facebook.com/melbourneaquarium/
instagram: https://www.instagram.com/sealifemelbourneaquarium/?hl=en
",16216,4.3,"https://search.google.com/local/reviews?placeid=ChIJ_QzhcE1d1moR9rtoKagNPOI&q=zoo&authuser=0&hl=en&gl=AU","https://www.google.com/maps?cid=16301919767074749430","https://www.google.com/search?kgmid=/m/0b7xrh",-37.820627,144.95821999999998,"https://www.visitsealife.com/melbourne/?utm_source=gmb&utm_medium=organic&utm_campaign=yext&utm_content=2","visitsealife.com","Thursday: [9 am-5 pm], Friday: [9 am-5 pm], Saturday: [9 am-5 pm], Sunday: [9 am-5 pm], Monday: [9 am-5 pm], Tuesday: [9 am-5 pm], Wednesday: [9 am-5 pm]","https://lh5.googleusercontent.com/p/AF1QipOwRSCj3QX_d2ZG-gB9IYz02sC9AZFIkqSw-orJ=w163-h92-k-no","16301919767074749430","0x6ad65d4d70e10cfd:0xe23c0da82968bbf6","ChIJ_QzhcE1d1moR9rtoKagNPOI","/m/0b7xrh"
"Melbourne Zoo Bong Su Room",,"Melbourne Zoo Bong Su Room, Elliott Ave, Parkville VIC 3052","Elliott Ave","Parkville VIC 3052","Function room facility","Accessibility: [Wheelchair-accessible car park, Wheelchair-accessible entrance]","4RJ66W7X+HX","Australia/Melbourne",,,,,"(03) 9285 9440","(03) 9285 9440, +61 3 9285 9440","YES","Melbourne Zoo Bong Su Room (owner)","101674838643043601680","https://www.google.com/maps/contrib/101674838643043601680","","",31,4.3,"https://search.google.com/local/reviews?placeid=ChIJJT1l3tlc1moR7q46Z724uvk&q=zoo&authuser=0&hl=en&gl=AU","https://www.google.com/maps?cid=17994898384732466926","https://www.google.com/search?kgmid=/g/11dybbblkm",-37.7860168,144.949876,"https://www.melbournezooevents.com.au/venues/bong-su/","melbournezooevents.com.au","Thursday: [6 am-12 am], Friday: [6 am-12 am], Saturday: [6 am-12 am], Sunday: [6 am-12 am], Monday: [6 am-12 am], Tuesday: [6 am-12 am], Wednesday: [6 am-12 am]","https://lh5.googleusercontent.com/p/AF1QipMyP3lWGfvw7j8odHlgP1662ySYuq3W7eL8-r9s=w122-h92-k-no","17994898384732466926","0x6ad65cd9de653d25:0xf9bab8bd673aaeee","ChIJJT1l3tlc1moR7q46Z724uvk","/g/11dybbblkm"
"Japanese Garden Melbourne Zoo",,"Japanese Garden Melbourne Zoo, Parkville VIC 3052","Parkville VIC 3052","","Garden","Accessibility: [Wheelchair-accessible car park, Wheelchair-accessible entrance], Children: [Good for kids]","4RJ66X83+89","Australia/Melbourne",,,,,"1300 966 784","1300 966 784, +61 1300 966 784","NO","Japanese Garden Melbourne Zoo (owner)",,"","","",1,5,"https://search.google.com/local/reviews?placeid=ChIJq1E1cHBd1moRQsUWyErf3Jw&q=zoo&authuser=0&hl=en&gl=AU","https://www.google.com/maps?cid=11303154677070611778","https://www.google.com/search?kgmid=/g/11t_t60_8q",-37.7842261,144.9534443,"https://www.zoo.org.au/melbourne","zoo.org.au","Thursday: [9 am-5 pm], Friday: [9 am-5 pm], Saturday: [9 am-5 pm], Sunday: [9 am-5 pm], Monday: [9 am-5 pm], Tuesday: [9 am-5 pm], Wednesday: [9 am-5 pm]","https://lh5.googleusercontent.com/p/AF1QipO3nGzucB2tET02fNOmInM9n2cDs84T49qVAINd=w122-h92-k-no","11303154677070611778","0x6ad65d70703551ab:0x9cdcdf4ac816c542","ChIJq1E1cHBd1moRQsUWyErf3Jw","/g/11t_t60_8q"
"Paws Claws and Scales",,"Drouin VIC 3818","Drouin VIC 3818","","Zoo, Children's party service","Accessibility: [Wheelchair-accessible car park], Children: [Good for kids]","4RH7VV64+Q5","Australia/Melbourne",,,,,"0407 789 122","0407 789 122, +61 407 789 122","YES","Paws Claws and Scales (owner)","117941817302805570242","https://www.google.com/maps/contrib/117941817302805570242","","",3,5,"https://search.google.com/local/reviews?placeid=ChIJ223NIgWVKWsRPF1sk8c0VUc&q=zoo&authuser=0&hl=en&gl=AU","https://www.google.com/maps?cid=5140072581489777980","https://www.google.com/search?kgmid=/g/11tbx027wt",-38.1380859,145.8554119,"http://www.pawsclawsandscales.com.au/","pawsclawsandscales.com.au","","https://lh5.googleusercontent.com/p/AF1QipNOzjMXQmyGk5UhFEIG8ECcquXr5GjqCouF42tv=w124-h92-k-no","5140072581489777980","0x6b29950522cd6ddb:0x475534c7936c5d3c","ChIJ223NIgWVKWsRPF1sk8c0VUc","/g/11tbx027wt"
"Melbourne Zoo",,"481 Chapel St, South Yarra VIC 3141","481 Chapel St","South Yarra VIC 3141","Restaurant","Service options: [Outdoor seating, Kerbside pickup, No-contact delivery, Delivery, Takeaway, Dine-in], Highlights: [Great cocktails, Live music, Good for watching sport], Accessibility: [Wheelchair-accessible car park, Wheelchair-accessible entrance, Wheelchair-accessible seating, Wheelchair-accessible toilet,  Does not have assistive hearing loop], Offerings: [Alcohol, Beer, Cocktails, Coffee, Small plates, Spirits, Wine], Dining options: [Breakfast, Brunch, Lunch, Catering, Counter service, Dessert, Seating], Amenities: [Bar on site, Toilets], Atmosphere: [Casual, Cosy], Crowd: [Family friendly, Good for groups, LGBTQ+ friendly, Transgender safe space], Planning: [Reservations required, Accepts reservations], Payments: [Credit cards, Debit cards, Mobile payments, ]","4RJ65X4V+PV","Australia/Melbourne","$20–40",,,,,"","YES","Melbourne Zoo (owner)","103602256460054561465","https://www.google.com/maps/contrib/103602256460054561465",,"",44,4.1,"https://search.google.com/local/reviews?placeid=ChIJwdzWRo9p1moRUIoPpSaYmZU&q=zoo&authuser=0&hl=en&gl=AU","https://www.google.com/maps?cid=10779814474833431120","https://www.google.com/search?kgmid=/g/11t4x_4ngg",-37.8431315,144.9946286,,,"Thursday: [8 am-3 am], Friday: [7 am-3 am], Saturday: [7 am-3 am], Sunday: [7 am-3 am], Monday: [Closed], Tuesday: [Closed], Wednesday: [8 am-3 pm]","https://lh5.googleusercontent.com/p/AF1QipMkupOQHac1enba2ucvxjXY0B5_oQvg2xLQC5ws=w80-h106-k-no","10779814474833431120","0x6ad6698f46d6dcc1:0x95999826a50f8a50","ChIJwdzWRo9p1moRUIoPpSaYmZU","/g/11t4x_4ngg"
"Animal Land Children's Farm",,"200 Duncans Ln, Diggers Rest VIC 3427","200 Duncans Ln","Diggers Rest VIC 3427","Farm, School, Tourist attraction","Service options: [On-site services], Accessibility: [Wheelchair-accessible car park, Wheelchair-accessible entrance]","4RJ69PCW+3G","Australia/Melbourne",,,,,"(03) 9740 0750","(03) 9740 0750, +61 3 9740 0750","YES","Animal Land Children's Farm (owner)","117899738802242565133","https://www.google.com/maps/contrib/117899738802242565133","","",269,4.2,"https://search.google.com/local/reviews?placeid=ChIJ953Gsab31moRjcyySYXVIqQ&q=zoo&authuser=0&hl=en&gl=AU","https://www.google.com/maps?cid=11827250339872165005","https://www.google.com/search?kgmid=/g/1v94069v",-37.6298244,144.7463124,"http://www.animalland.com.au/","animalland.com.au","Thursday: [Closed], Friday: [10 am-3 pm], Saturday: [10 am-3 pm], Sunday: [10 am-3 pm], Monday: [10 am-3 pm], Tuesday: [Closed], Wednesday: [Closed]","https://lh5.googleusercontent.com/p/AF1QipP2ptuKu1zVrrNWwPvzMV15LdtTw6nGja9eWLhy=w122-h92-k-no","11827250339872165005","0x6ad6f7a6b1c69df7:0xa422d58549b2cc8d","ChIJ953Gsab31moRjcyySYXVIqQ","/g/1v94069v"
"Melbourne Zoo",,"Parkville VIC 3052","Parkville VIC 3052","","Transport interchange","Accessibility: [Wheelchair-accessible car park, Wheelchair-accessible entrance, Wheelchair-accessible toilet], Amenities: [Toilets]","4RJ66X83+JW","Australia/Melbourne",,,,,,"","YES","Melbourne Zoo (owner)",,"",,"",1,5,"https://search.google.com/local/reviews?placeid=ChIJBXJokNFc1moRpNRyiQYKMjc&q=zoo&authuser=0&hl=en&gl=AU","https://www.google.com/maps?cid=3977252444113654948","https://www.google.com/search?kgmid=/g/11c537mdgc",-37.7834408,144.95486219999998,,,"","https://lh5.googleusercontent.com/p/AF1QipN-R-7Vz2acKpMidoGYYVV8iWZa8JMTtu-P34OY=w80-h92-k-no-pi-0-ya20-ro-0-fo100","3977252444113654948","0x6ad65cd190687205:0x37320a068972d4a4","ChIJBXJokNFc1moRpNRyiQYKMjc","/g/11c537mdgc"
"Kangaroo Feed Point part of Phillip Island Wildlife Park",,"2115 Phillip Island Rd, Cowes VIC 3922","2115 Phillip Island Rd","Cowes VIC 3922","Wildlife park","Children: [Good for kids]","4RH7G6GQ+HF","Australia/Melbourne",,,,,,"","YES","Kangaroo Feed Point part of Phillip Island Wildlife Park (owner)","115658460050981752253","https://www.google.com/maps/contrib/115658460050981752253",,"",44,4.7,"https://search.google.com/local/reviews?placeid=ChIJ42Anv_ft1WoR80d-8uHDQwc&q=zoo&authuser=0&hl=en&gl=AU","https://www.google.com/maps?cid=523477356908529651","https://www.google.com/search?kgmid=/g/11h0ynk877",-38.4736204,145.2387041,,,"Thursday: [Closed], Friday: [11 am-5 pm], Saturday: [11 am-5 pm], Sunday: [11 am-5 pm], Monday: [11 am-5 pm], Tuesday: [11 am-5 pm], Wednesday: [Closed]","https://lh5.googleusercontent.com/p/AF1QipMVRSAEeIBSZqVIPjTmWBfBb05aoR2B2eGkB0FO=w163-h92-k-no","523477356908529651","0x6ad5edf7bf2760e3:0x743c3e1f27e47f3","ChIJ42Anv_ft1WoR80d-8uHDQwc","/g/11h0ynk877"
"Mansfield Zoo","30-acre zoo with over 100 native & exotic animals, plus feeding & overnight visitor experiences.","1064 Mansfield-Woods Point Rd, Mansfield VIC 3722","1064 Mansfield-Woods Point Rd","Mansfield VIC 3722","Zoo, Tourist attraction","Service options: [On-site services], Accessibility: [Wheelchair-accessible car park, Wheelchair-accessible entrance], Children: [Good for kids]","4RJ8V4FH+FX","Australia/Melbourne",,,,,"(03) 5777 3576","(03) 5777 3576, +61 3 5777 3576","YES","Mansfield Zoo (owner)","106164580385253784851","https://www.google.com/maps/contrib/106164580385253784851","","",891,4.5,"https://search.google.com/local/reviews?placeid=ChIJXfMvi8zNJ2sRMraPrSSlWIg&q=zoo&authuser=0&hl=en&gl=AU","https://www.google.com/maps?cid=9824784164058019378","https://www.google.com/search?kgmid=/m/0k5xywf",-37.1263553,146.12998489999998,"https://mansfieldzoo.com.au/","mansfieldzoo.com.au","Thursday: [10 am-6 pm], Friday: [10 am-6 pm], Saturday: [10 am-6 pm], Sunday: [10 am-6 pm], Monday: [10 am-6 pm], Tuesday: [10 am-6 pm], Wednesday: [10 am-6 pm]","https://lh5.googleusercontent.com/p/AF1QipMhVbiXTokgSjtAaixuewfDpndKXj55MicC1haL=w122-h92-k-no","9824784164058019378","0x6b27cdcc8b2ff35d:0x8858a524ad8fb632","ChIJXfMvi8zNJ2sRMraPrSSlWIg","/m/0k5xywf"
"Collingwood Children's Farm","Sizable nonprofit farm offering hands-on experiences with animals, plus a cozy cafe with a patio.","18 St Heliers St, Abbotsford VIC 3067","18 St Heliers St","Abbotsford VIC 3067","Tourist attraction, Non-profit organization, Children's farm","Service options: [On-site services], Accessibility: [Wheelchair-accessible car park, Wheelchair-accessible entrance], Children: [Good for kids]","4RJ752W4+X4","Australia/Melbourne",,,,,"(03) 9417 5806","(03) 9417 5806, +61 3 9417 5806","YES","Collingwood Children's Farm (owner)","117530036049975128139","https://www.google.com/maps/contrib/117530036049975128139","","",2406,4.4,"https://search.google.com/local/reviews?placeid=ChIJB77DfAdD1moRwryG6ItrX7k&q=zoo&authuser=0&hl=en&gl=AU","https://www.google.com/maps?cid=13357513268449950914","https://www.google.com/search?kgmid=/m/04_9lk",-37.8026055,145.0053048,"https://farm.org.au/","farm.org.au","Thursday: [9:30 am-4:30 pm], Friday: [9:30 am-4:30 pm], Saturday: [9:30 am-4:30 pm], Sunday: [9:30 am-4:30 pm], Monday: [9:30 am-4:30 pm], Tuesday: [9:30 am-4:30 pm], Wednesday: [9:30 am-4:30 pm]","https://lh5.googleusercontent.com/p/AF1QipPhuuq6rlWrj0vHx1kKP0non6A1oqLc92dvoVL-=w122-h92-k-no","13357513268449950914","0x6ad643077cc3be07:0xb95f6b8be886bcc2","ChIJB77DfAdD1moRwryG6ItrX7k","/m/04_9lk"
"Wild Action Productions",,"48 Middle Gully Rd, Macedon VIC 3440","48 Middle Gully Rd","Macedon VIC 3440","Wildlife Sanctuary","Children: [Good for kids]","4RJ6HHR6+QW","Australia/Melbourne",,,,,"0419 385 245","0419 385 245, +61 419 385 245","YES","Wild Action Productions (owner)","113754141863907744822","https://www.google.com/maps/contrib/113754141863907744822","","",30,4.7,"https://search.google.com/local/reviews?placeid=ChIJvbEbI2Hi1moRmvFe15JODZM&q=zoo&authuser=0&hl=en&gl=AU","https://www.google.com/maps?cid=10596211890858160538","https://www.google.com/search?kgmid=/g/11g9lz51x4",-37.408088299999996,144.5622833,"http://www.wildaction.com.au/","wildaction.com.au","","https://lh5.googleusercontent.com/p/AF1QipNphPYyuyUCpSDvVTqKi-7lJ-Au6ZYp6XWtz-wM=w122-h92-k-no","10596211890858160538","0x6ad6e261231bb1bd:0x930d4e92d75ef19a","ChIJvbEbI2Hi1moRmvFe15JODZM","/g/11g9lz51x4"
"Wildlife Sanctuary",,"West Melbourne VIC 3003","West Melbourne VIC 3003","","Nature preserve","Children: [Good for kids]","4RJ65WX8+67","Australia/Melbourne",,,,,,"","NO","Wildlife Sanctuary (owner)",,"",,"",2,3.5,"https://search.google.com/local/reviews?placeid=ChIJVTfszPdd1moR0zfkQ6ne5qc&q=zoo&authuser=0&hl=en&gl=AU","https://www.google.com/maps?cid=12098602267547285459","https://www.google.com/search?kgmid=/g/11v0j66fht",-37.8019939,144.9156732,,,"","https://lh5.googleusercontent.com/p/AF1QipPW3q1d4osQyCVTJ3FQP9-vZfwig_XGq2pSUwuy=w122-h92-k-no","12098602267547285459","0x6ad65df7ccec3755:0xa7e6dea943e437d3","ChIJVTfszPdd1moR0zfkQ6ne5qc","/g/11v0j66fht"
"ZooQuarium",,"396 Clarendon St, South Melbourne VIC 3205","396 Clarendon St","South Melbourne VIC 3205","Zoo","Children: [Good for kids]","4RJ65X76+FP","Australia/Melbourne",,,,,"(03) 9682 8865","(03) 9682 8865, +61 3 9682 8865","NO","ZooQuarium (owner)",,"","","","","",,"https://www.google.com/maps?cid=4755550258594507188","https://www.google.com/search?kgmid=/g/11w4l4n2qj",-37.8362743,144.9617964,"http://zooquarium.com.au/","zooquarium.com.au","","https://streetviewpixels-pa.googleapis.com/v1/thumbnail?panoid=3PJvPc5lqDJian1xuHR6Uw&cb_client=search.gws-prod.gps&w=80&h=92&yaw=252.23195&pitch=0&thumbfov=100","4755550258594507188","0x6ad668075b3dad59:0x41ff1bc3a30ae9b4","ChIJWa09Wwdo1moRtOkKo8Mb_0E","/g/11w4l4n2qj"
"Melbourne Zoo Ranger Station Classroom",,"Melbourne Zoo Ranger Station Classroom, Elliott Ave, Parkville VIC 3052","Elliott Ave","Parkville VIC 3052","Function room facility","Accessibility: [Wheelchair-accessible car park, Wheelchair-accessible entrance]","4RJ66X72+JR","Australia/Melbourne",,,,,"1300 966 784","1300 966 784, +61 1300 966 784","NO","Melbourne Zoo Ranger Station Classroom (owner)",,"","","",3,4.3,"https://search.google.com/local/reviews?placeid=ChIJ47lgN9dc1moRq20tM9eCvLA&q=zoo&authuser=0&hl=en&gl=AU","https://www.google.com/maps?cid=12735197707085114795","https://www.google.com/search?kgmid=/g/11dyb8zp1b",-37.7859404,144.9521034,"https://www.zoo.org.au/education","zoo.org.au","Thursday: [9 am-5 pm], Friday: [9 am-5 pm], Saturday: [9 am-5 pm], Sunday: [9 am-5 pm], Monday: [9 am-5 pm], Tuesday: [9 am-5 pm], Wednesday: [9 am-5 pm]","https://lh5.googleusercontent.com/p/AF1QipMahuc12fRtjmQSJ8mFOp57uDuYAiX9chHeCtth=w110-h92-k-no","12735197707085114795","0x6ad65cd73760b9e3:0xb0bc82d7332d6dab","ChIJ47lgN9dc1moRq20tM9eCvLA","/g/11dyb8zp1b"
"Australian Native Garden",,"Parkville VIC 3052","Parkville VIC 3052","","Garden","Accessibility: [Wheelchair-accessible car park, Wheelchair-accessible entrance], Amenities: [Public toilet], Children: [Good for kids]","4RJ66X54+7P","Australia/Melbourne",,,,,"(03) 9658 9658","(03) 9658 9658, +61 3 9658 9658","NO","Australian Native Garden (owner)",,"","","",110,4.6,"https://search.google.com/local/reviews?placeid=ChIJ35ZBdSpd1moR25clq8ZFE_4&q=zoo&authuser=0&hl=en&gl=AU","https://www.google.com/maps?cid=18308053629768407003","https://www.google.com/search?kgmid=/g/1ydpvchrz",-37.7917534,144.9568467,"http://www.melbourne.vic.gov.au/parks","melbourne.vic.gov.au","Thursday: [Open 24 hours], Friday: [Open 24 hours], Saturday: [Open 24 hours], Sunday: [Open 24 hours], Monday: [Open 24 hours], Tuesday: [Open 24 hours], Wednesday: [Open 24 hours]","https://lh5.googleusercontent.com/p/AF1QipMgN_yi-jjirSI6Zjc-tGJ21G82QPZ1CYl44X-3=w122-h92-k-no","18308053629768407003","0x6ad65d2a754196df:0xfe1345c6ab2597db","ChIJ35ZBdSpd1moR25clq8ZFE_4","/g/1ydpvchrz"
"Jodie McGraths Native Animal Demonstrations and mobile petting zoo",,"Wonga Rd, Millgrove VIC 3799","Wonga Rd","Millgrove VIC 3799","Animal park, Children's party service, Event planner, Pet trainer","From the business: [Identifies as women-owned], Accessibility: [Wheelchair-accessible car park, Wheelchair-accessible entrance], Children: [Good for kids]","4RJ76MX4+FW","Australia/Melbourne",,,,,"0426 047 074","0426 047 074, +61 426 047 074","YES","Jodie McGraths Native Animal Demonstrations and mobile petting zoo (owner)","111463257901523817031","https://www.google.com/maps/contrib/111463257901523817031","support@fb.com","facebook: https://www.facebook.com/jodiesnatives/
",1,3,"https://search.google.com/local/reviews?placeid=ChIJNcmDrrEtKGsRIwqnKar19Sc&q=zoo&authuser=0&hl=en&gl=AU","https://www.google.com/maps?cid=2879477647965358627","https://www.google.com/search?kgmid=/g/11gxwzzv_y",-37.7513082,145.6572683,"https://www.facebook.com/jodiesnatives/","facebook.com","Thursday: [9 am-5 pm], Friday: [9 am-5 pm], Saturday: [9 am-5 pm], Sunday: [9 am-5 pm], Monday: [9 am-5 pm], Tuesday: [9 am-5 pm], Wednesday: [9 am-5 pm]","https://lh5.googleusercontent.com/p/AF1QipPUdi8OlxXM8OZAwH5gV3o7DEvBArjf42LYmCnS=w163-h92-k-no","2879477647965358627","0x6b282db1ae83c935:0x27f5f5aa29a70a23","ChIJNcmDrrEtKGsRIwqnKar19Sc","/g/11gxwzzv_y"
"Misty Vale Estate",,"25 Hamilton St, Gisborne VIC 3437","25 Hamilton St","Gisborne VIC 3437","Wildlife park","Children: [Good for kids]","4RJ6GH6R+V2","Australia/Melbourne",,,,,"0438 383 221","0438 383 221, +61 438 383 221","NO","Misty Vale Estate (owner)",,"",,"",8,4.6,"https://search.google.com/local/reviews?placeid=ChIJTRlg3qLk1moRL_5zYSSB5Mk&q=zoo&authuser=0&hl=en&gl=AU","https://www.google.com/maps?cid=14547894689567342127","https://www.google.com/search?kgmid=/g/11cn9hwbv3",-37.4878309,144.59004439999998,,,"","https://streetviewpixels-pa.googleapis.com/v1/thumbnail?panoid=6YmJSDfvvGmivJuqUmhJkw&cb_client=search.gws-prod.gps&w=80&h=92&yaw=225.68135&pitch=0&thumbfov=100","14547894689567342127","0x6ad6e4a2de60194d:0xc9e481246173fe2f","ChIJTRlg3qLk1moRL_5zYSSB5Mk","/g/11cn9hwbv3"
"GREAT OCEAN ROAD WILDLIFE PARK",,"29 The Boulevarde, Gellibrand Lower VIC 3237","29 The Boulevarde","Gellibrand Lower VIC 3237","Wildlife park, Tourist attraction, Wildlife Sanctuary","Service options: [On-site services], Accessibility: [Wheelchair-accessible entrance], Amenities: [Picnic tables, Public toilet], Crowd: [LGBTQ+ friendly], Children: [Good for kids]","4RH5862H+Q9","Australia/Melbourne",,,,,"0425 861 758","0425 861 758, +61 425 861 758","YES","GREAT OCEAN ROAD WILDLIFE PARK (owner)","108845599547409969612","https://www.google.com/maps/contrib/108845599547409969612","","",714,4.6,"https://search.google.com/local/reviews?placeid=ChIJa3to2BrS0moRUyju-kp1nuY&q=zoo&authuser=0&hl=en&gl=AU","https://www.google.com/maps?cid=16617848639941650515","https://www.google.com/search?kgmid=/g/1thsh4_9",-38.698091,143.2283999,"http://greatoceanroadwildlifepark.com.au/","greatoceanroadwildlifepark.com.au","Thursday: [10 am-6 pm], Friday: [10 am-6 pm], Saturday: [10 am-6 pm], Sunday: [10 am-6 pm], Monday: [10 am-6 pm], Tuesday: [10 am-6 pm], Wednesday: [10 am-6 pm]","https://lh5.googleusercontent.com/p/AF1QipNBOYMZdST23MjupdapuX8Hjmazcohm4gjQDeI2=w124-h92-k-no","16617848639941650515","0x6ad2d21ad8687b6b:0xe69e754afaee2853","ChIJa3to2BrS0moRUyju-kp1nuY","/g/1thsh4_9"
"100 Acres Reserve",,"Knees Rd, Park Orchards VIC 3114","Knees Rd","Park Orchards VIC 3114","Tourist attraction, National reserve, Nature preserve","Accessibility: [Wheelchair-accessible car park, Wheelchair-accessible entrance], Activities: [Hiking], Children: [Good for kids, Kid-friendly hikes], Pets: [Dogs allowed]","4RJ766FF+WV","Australia/Melbourne",,,,,"(03) 9840 9333","(03) 9840 9333, +61 3 9840 9333","NO","100 Acres Reserve (owner)",,"","","",95,4.6,"https://search.google.com/local/reviews?placeid=ChIJ____v_g51moRt2kWJQnjQxg&q=zoo&authuser=0&hl=en&gl=AU","https://www.google.com/maps?cid=1748490708766321079","https://www.google.com/search?kgmid=/g/11clv_35lq",-37.7752029,145.2246257,"http://www.manningham.vic.gov.au/100-acres-reserve","manningham.vic.gov.au","Thursday: [Open 24 hours], Friday: [Open 24 hours], Saturday: [Open 24 hours], Sunday: [Open 24 hours], Monday: [Open 24 hours], Tuesday: [Open 24 hours], Wednesday: [Open 24 hours]","https://lh5.googleusercontent.com/p/AF1QipNX69iBg4r4EN_Nn4eyM-jqwfXpSl0FyDt63ZVz=w189-h92-k-no","1748490708766321079","0x6ad639f8bfffffff:0x1843e309251669b7","ChIJ____v_g51moRt2kWJQnjQxg","/g/11clv_35lq"
"Reptile Party Melbourne",,"Suite 2/380 Lonsdale St, Melbourne VIC 3000","Suite 2/380 Lonsdale St","Melbourne VIC 3000","Entertainer","Planning: [Appointment required]","4RJ65XQ6+2G","Australia/Melbourne",,,,,"(03) 9812 3322","(03) 9812 3322, +61 3 9812 3322","YES","Reptile Party Melbourne (owner)","117188242577229890982","https://www.google.com/maps/contrib/117188242577229890982","","",165,4.8,"https://search.google.com/local/reviews?placeid=ChIJE-Y9VrVC1moRSgVuscKGhAM&q=zoo&authuser=0&hl=en&gl=AU","https://www.google.com/maps?cid=253475649798145354","https://www.google.com/search?kgmid=/g/1tggnsjc",-37.8123869,144.96126429999998,"http://www.reptileparty.com.au/","reptileparty.com.au","Thursday: [Open 24 hours], Friday: [Open 24 hours], Saturday: [Open 24 hours], Sunday: [Open 24 hours], Monday: [Open 24 hours], Tuesday: [Open 24 hours], Wednesday: [Open 24 hours]","https://lh5.googleusercontent.com/p/AF1QipNyU_GrKu_N53b1HqMB4UcgsFnoFN7Qef3Hvvix=w92-h92-k-no","253475649798145354","0x6ad642b5563de613:0x38486c2b16e054a","ChIJE-Y9VrVC1moRSgVuscKGhAM","/g/1tggnsjc"
"Native Grassland Circle",,"Parkville VIC 3052","Parkville VIC 3052","","Park","Activities: [Hiking], Children: [Good for kids], Pets: [Dogs allowed]","4RJ66X53+JG","Australia/Melbourne",,,,,,"","NO","Native Grassland Circle (owner)",,"",,"",33,4.7,"https://search.google.com/local/reviews?placeid=ChIJ-U3M1rtd1moR4_o18axkSSE&q=zoo&authuser=0&hl=en&gl=AU","https://www.google.com/maps?cid=2398558970495498979","https://www.google.com/search?kgmid=/g/11gl0h5s6k",-37.790977,144.9538155,,,"Thursday: [Open 24 hours], Friday: [Open 24 hours], Saturday: [Open 24 hours], Sunday: [Open 24 hours], Monday: [Open 24 hours], Tuesday: [Open 24 hours], Wednesday: [Open 24 hours]","https://lh5.googleusercontent.com/p/AF1QipMGkirAzV3neSjOcqvMZtP4fOmr49IK860ao8xr=w138-h92-k-no","2398558970495498979","0x6ad65dbbd6cc4df9:0x214964acf135fae3","ChIJ-U3M1rtd1moR4_o18axkSSE","/g/11gl0h5s6k"
"Melbourne Zoo Playground",,"Melbourne Zoo Playground, Elliott Ave, Parkville VIC 3052","Elliott Ave","Parkville VIC 3052","Playground","Accessibility: [Wheelchair-accessible entrance]","4RJ66W6X+JP","Australia/Melbourne",,,,,,"","NO","Melbourne Zoo Playground (owner)",,"",,"",1,1,"https://search.google.com/local/reviews?placeid=ChIJPfbHpfld1moRjEesjRajKBk&q=zoo&authuser=0&hl=en&gl=AU","https://www.google.com/maps?cid=1812878167278110604","https://www.google.com/search?kgmid=/g/11rqsp6d4t",-37.7884387,144.9493645,,,"Thursday: [8 am-2 pm], Friday: [8 am-2 pm], Saturday: [8 am-2 pm], Sunday: [8 am-2 pm], Monday: [8 am-2 pm], Tuesday: [8 am-2 pm], Wednesday: [8 am-2 pm]","https://lh5.googleusercontent.com/p/AF1QipNF2_jGZDpw_EqisvF-5_cwbNWnL0Ipudl5DAoP=w80-h106-k-no","1812878167278110604","0x6ad65df9a5c7f63d:0x1928a3168dac478c","ChIJPfbHpfld1moRjEesjRajKBk","/g/11rqsp6d4t"
"Yarra Road Reserve",,"60A Power St, Croydon North VIC 3136","60A Power St","Croydon North VIC 3136","Wildlife park","Children: [Good for kids]","4RJ767MH+G5","Australia/Melbourne",,,,,,"","NO","Yarra Road Reserve (owner)",,"",,"","","",,"https://www.google.com/maps?cid=7311105867996539632","https://www.google.com/search?kgmid=/g/11h7f8q8y8",-37.766134699999995,145.2779557,,,"","https://streetviewpixels-pa.googleapis.com/v1/thumbnail?panoid=JZpIYtIV_YIG56UmGrQNzA&cb_client=search.gws-prod.gps&w=80&h=92&yaw=263.38123&pitch=0&thumbfov=100","7311105867996539632","0x6ad6313f3aab0c0b:0x6576440d11352af0","ChIJCwyrOj8x1moR8Co1EQ1EdmU","/g/11h7f8q8y8"
"St Kilda Breakwater","Scenic pier by the bay known for a colony of penguins that swim there for shelter after sunset.","Victoria","Victoria","","Wildlife park, Animal park, Tourist attraction","","4RJ64XP7+4W",,,,,,,"","NO","St Kilda Breakwater (owner)",,"",,"",800,4.6,"https://search.google.com/local/reviews?placeid=ChIJk4by6Hho1moRXJOn2R_mG1Q&q=zoo&authuser=0&hl=en&gl=AU","https://www.google.com/maps?cid=6060690748027147100","https://www.google.com/search?kgmid=/g/11f2wbqk4l",-37.8647245,144.96478159999998,,,"","https://lh5.googleusercontent.com/p/AF1QipPM6_gPRRClUKsuoNuClv8ZuueUhV_L2WIRHoAZ=w122-h92-k-no","6060690748027147100","0x6ad66878e8f28693:0x541be61fd9a7935c","ChIJk4by6Hho1moRXJOn2R_mG1Q","/g/11f2wbqk4l"